,True Labels,Predictions
0,G1,G1
1,S/G2,S/G2
2,M/Early G1,M/Early G1
3,S/G2,S/G2
4,G1,G1
5,S/G2,S/G2
6,Neural G0,Neural G0
7,G1,G1
8,G1,G1
9,G1,G1
10,Neural G0,Neural G0
11,Late G1,Late G1
12,S/G2,S/G2
13,Late G1,Late G1
14,G1,G1
15,S/G2,S/G2
16,G1,G1
17,G1,G1
18,S/G2,S/G2
19,M/Early G1,M/Early G1
20,S,S
21,G1,G1
22,G1,G1
23,M/Early G1,M/Early G1
24,G1,G1
25,G1,G1
26,G1,G1
27,S/G2,S/G2
28,G1,G1
29,G1,G1
30,G2/M,G2/M
31,G1,G1
32,S/G2,S/G2
33,Neural G0,Neural G0
34,Neural G0,Neural G0
35,M/Early G1,M/Early G1
36,G1,G1
37,G1,G1
38,S,S
39,Neural G0,Neural G0
40,S/G2,S/G2
41,G1,G1
42,G1,G1
43,G1,G1
44,S/G2,S/G2
45,G2/M,G2/M
46,M/Early G1,M/Early G1
47,G1,G1
48,S/G2,S/G2
49,G1,G1
50,G1,G1
51,S,S
52,G2/M,G2/M
53,G1,G1
54,G1,G1
55,G1,G1
56,G1,G1
57,G1,G1
58,G2/M,G2/M
59,Neural G0,Neural G0
60,Neural G0,G2/M
61,G1,G1
62,G2/M,G2/M
63,Neural G0,G1
64,G1,G1
65,G1,G1
66,M/Early G1,M/Early G1
67,M/Early G1,M/Early G1
68,Neural G0,Neural G0
69,M/Early G1,M/Early G1
70,S/G2,S/G2
71,Late G1,Late G1
72,G1,G1
73,Neural G0,Neural G0
74,G1,G1
75,M/Early G1,M/Early G1
76,Neural G0,Neural G0
77,G2/M,G2/M
78,Neural G0,Neural G0
79,G1,G1
80,G1,G1
81,G2/M,G2/M
82,G2/M,G2/M
83,G1,G1
84,M/Early G1,M/Early G1
85,S/G2,S/G2
86,M/Early G1,M/Early G1
87,Neural G0,Neural G0
88,G1,G1
89,G1,G1
90,G1,G1
91,Neural G0,Neural G0
92,S,S
93,Neural G0,Neural G0
94,G1,G1
95,G1,G1
96,S/G2,S/G2
97,G2/M,G2/M
98,Neural G0,Neural G0
99,G1,G1
100,S,S
101,Late G1,Late G1
102,G1,G1
103,S,S
104,S/G2,S/G2
105,Neural G0,Neural G0
106,S,S
107,G1,G1
108,Late G1,Late G1
109,G2/M,G2/M
110,G2/M,G2/M
111,Neural G0,Neural G0
112,Neural G0,Neural G0
113,Late G1,Late G1
114,G1,G1
115,G1,G1
116,Late G1,Late G1
117,G2/M,G2/M
118,S,S
119,G1,G1
120,G1,G1
121,G2/M,G2/M
122,S/G2,S/G2
123,S,S
124,S/G2,S/G2
125,G1,G1
126,S/G2,S/G2
127,S,S
128,G2/M,G2/M
129,G1,G1
130,G1,G1
131,M/Early G1,M/Early G1
132,G2/M,G2/M
133,G2/M,G2/M
134,M/Early G1,M/Early G1
135,G2/M,G2/M
136,M/Early G1,M/Early G1
137,G1,G1
138,S,S
139,G2/M,G2/M
140,Neural G0,Neural G0
141,G1,G1
142,G1,G1
143,G1,G1
144,G1,G1
145,Neural G0,Neural G0
146,G2/M,G2/M
147,G1,G1
148,G1,G1
149,G2/M,G2/M
150,Neural G0,Neural G0
151,M/Early G1,M/Early G1
152,G1,G1
153,Late G1,Late G1
154,S/G2,S/G2
155,Late G1,Late G1
156,Neural G0,Neural G0
157,G1,G1
158,S/G2,S/G2
159,Neural G0,Neural G0
160,G1,G1
161,G2/M,G2/M
162,G1,Neural G0
163,Late G1,Late G1
164,Neural G0,Neural G0
165,G1,G1
166,M/Early G1,M/Early G1
167,Late G1,Late G1
168,G2/M,G2/M
169,Late G1,Late G1
170,G1,G1
171,G1,G1
172,Neural G0,Neural G0
173,Neural G0,Neural G0
174,G1,G1
175,Late G1,Late G1
176,G1,G1
177,G1,G1
178,G1,G1
179,G1,G1
180,M/Early G1,M/Early G1
181,G1,G1
182,G1,G1
183,Neural G0,Neural G0
184,Late G1,M/Early G1
185,Neural G0,Neural G0
186,Late G1,Late G1
187,S,S
188,Neural G0,Neural G0
189,G2/M,G2/M
190,S,S
191,S,S
192,S/G2,S/G2
193,G2/M,G2/M
194,Late G1,Late G1
195,G1,G1
196,G1,G1
197,Neural G0,Neural G0
198,G1,G1
199,Neural G0,Neural G0
200,G2/M,G2/M
201,G2/M,G2/M
202,G1,G1
203,Neural G0,Neural G0
204,S,S
205,S,S
206,G2/M,G2/M
207,G2/M,G2/M
208,G2/M,G2/M
209,Late G1,Late G1
210,Neural G0,G1
211,G1,G1
212,Neural G0,Neural G0
213,G1,G1
214,S/G2,S/G2
215,Neural G0,Neural G0
216,G1,G1
217,G2/M,G2/M
218,M/Early G1,M/Early G1
219,G1,G1
220,Neural G0,Neural G0
221,G1,G1
222,Neural G0,Neural G0
223,S/G2,S/G2
224,G1,G1
225,M/Early G1,M/Early G1
226,M/Early G1,M/Early G1
227,G1,G1
228,G1,G1
229,G1,G1
230,G1,G1
231,G2/M,G2/M
232,G1,G1
233,G1,G1
234,G1,G1
235,G1,G1
236,Late G1,Late G1
237,Neural G0,Neural G0
238,G1,G1
239,Late G1,Late G1
240,G1,G1
241,M/Early G1,M/Early G1
242,S/G2,S/G2
243,Neural G0,Neural G0
244,Neural G0,Neural G0
245,Neural G0,Neural G0
246,G1,G1
247,Late G1,Late G1
248,S/G2,S/G2
249,S/G2,S/G2
250,G1,G1
251,S/G2,S/G2
252,Late G1,Late G1
253,S/G2,S/G2
254,G1,G1
255,Neural G0,Neural G0
256,G1,G1
257,S/G2,S/G2
258,Neural G0,Neural G0
259,S,S
260,G1,G1
261,S/G2,S/G2
262,S/G2,S/G2
263,Neural G0,Neural G0
264,G1,G1
265,G1,G1
266,G1,G1
267,G1,G1
268,Neural G0,Neural G0
269,G2/M,G2/M
270,M/Early G1,M/Early G1
271,Neural G0,Neural G0
272,M/Early G1,G2/M
273,G1,G1
274,G1,G1
275,G2/M,G2/M
276,S,S
277,Late G1,Late G1
278,S/G2,S/G2
279,S/G2,S/G2
280,S/G2,S/G2
281,Neural G0,Neural G0
282,M/Early G1,M/Early G1
283,G1,G1
284,S/G2,S/G2
285,G1,G1
286,Late G1,Late G1
287,G1,G1
288,Late G1,Late G1
289,Late G1,Late G1
290,Neural G0,Neural G0
291,S/G2,G1
292,G1,G1
293,G1,G1
294,G1,G1
295,G1,Neural G0
296,M/Early G1,M/Early G1
297,S,S
298,M/Early G1,M/Early G1
299,G1,G1
300,G1,G1
301,Neural G0,Neural G0
302,S,S
303,Neural G0,Neural G0
304,S/G2,S/G2
305,G2/M,G2/M
306,G1,G1
307,G1,G1
308,S/G2,S/G2
309,S/G2,S/G2
310,S,S
311,G2/M,G2/M
312,Late G1,Late G1
313,Neural G0,Neural G0
314,G1,G1
315,M/Early G1,M/Early G1
316,G1,G1
317,S,S
318,G1,G1
319,S,S
320,G1,G1
321,S/G2,S/G2
322,G1,G1
323,G1,G1
324,G1,G1
325,M/Early G1,M/Early G1
326,Neural G0,Neural G0
327,G1,G1
328,Neural G0,Neural G0
329,G1,G1
330,G1,G1
331,G1,G1
332,G2/M,G2/M
333,S/G2,S/G2
334,Neural G0,Neural G0
335,Neural G0,Neural G0
336,Neural G0,G1
337,G1,G1
338,Late G1,Late G1
339,G1,G1
340,G2/M,G2/M
341,G1,G1
342,Neural G0,Neural G0
343,S/G2,S/G2
344,G1,G1
345,Late G1,Late G1
346,M/Early G1,M/Early G1
347,G2/M,G2/M
348,Neural G0,Neural G0
349,S/G2,S/G2
350,G1,G1
351,Neural G0,Neural G0
352,G1,G1
353,S/G2,S/G2
354,G1,G1
355,G2/M,G2/M
356,Late G1,Late G1
357,S,S
358,S/G2,S/G2
359,G2/M,G2/M
360,S/G2,S/G2
361,G1,G1
362,M/Early G1,M/Early G1
363,G1,G1
364,G1,G1
365,Late G1,Late G1
366,Neural G0,Neural G0
367,S/G2,S/G2
368,G1,G1
369,G2/M,G2/M
370,S/G2,S/G2
371,Neural G0,Neural G0
372,G1,G1
373,S/G2,S/G2
374,G1,G1
375,S,S
376,Neural G0,Neural G0
377,Neural G0,Neural G0
378,S/G2,S/G2
379,Late G1,Late G1
380,S/G2,S/G2
381,G1,G1
382,M/Early G1,M/Early G1
383,S/G2,S/G2
384,G2/M,G2/M
385,Neural G0,Neural G0
386,S,S
387,Neural G0,Neural G0
388,S/G2,S/G2
389,Neural G0,Neural G0
390,S,S
391,G1,G1
392,Neural G0,Neural G0
393,G1,M/Early G1
394,S/G2,S/G2
395,G1,G1
396,G2/M,G2/M
397,S,S
398,Neural G0,Neural G0
399,G1,G1
400,G1,G1
401,M/Early G1,M/Early G1
402,G1,G1
403,G1,G1
404,G1,G1
405,G1,G1
406,S,S
407,S/G2,S/G2
408,G1,Neural G0
409,Neural G0,G1
410,Neural G0,Neural G0
411,G1,G1
412,G1,G1
413,G2/M,G2/M
414,Late G1,Late G1
415,Neural G0,Neural G0
416,M/Early G1,M/Early G1
417,M/Early G1,M/Early G1
418,S/G2,S/G2
419,G1,G1
420,S/G2,S/G2
421,G1,G1
422,G1,G1
423,G1,G1
424,G1,G1
425,Neural G0,Neural G0
426,S,S
427,Neural G0,Neural G0
428,G2/M,G2/M
429,G1,G1
430,G1,G1
431,S/G2,S/G2
432,S/G2,S/G2
433,Neural G0,Neural G0
434,G1,G1
435,S/G2,S/G2
436,Late G1,Late G1
437,G1,G1
438,G1,G1
439,Late G1,Late G1
440,Neural G0,Neural G0
441,G1,G1
442,G1,G1
443,G2/M,G2/M
444,G1,G1
445,G1,G1
446,S/G2,G1
447,G1,G1
448,G1,G1
449,G2/M,G2/M
450,G1,G1
451,S/G2,S/G2
452,S,S
453,G1,G1
454,G2/M,G2/M
455,G1,G1
456,G1,G1
457,M/Early G1,M/Early G1
458,G2/M,G2/M
459,Late G1,Late G1
460,M/Early G1,M/Early G1
461,G1,G1
462,S,S
463,G2/M,G2/M
464,M/Early G1,M/Early G1
465,Late G1,Late G1
466,G1,G1
467,S/G2,S/G2
468,G1,G1
469,G2/M,G2/M
470,Late G1,Late G1
471,Neural G0,Neural G0
472,G1,G1
473,G1,G1
474,G1,G1
475,Neural G0,Neural G0
476,G1,G1
477,G1,G1
478,S,S
479,G1,S/G2
480,G1,G1
481,G2/M,G2/M
482,G1,G1
483,Neural G0,Neural G0
484,G2/M,G2/M
485,M/Early G1,M/Early G1
486,G1,M/Early G1
487,G1,G1
488,G1,G1
489,G1,G1
490,Late G1,Late G1
491,S,S
492,M/Early G1,M/Early G1
493,Neural G0,Neural G0
494,G2/M,G2/M
495,M/Early G1,M/Early G1
496,G2/M,G2/M
497,Neural G0,Neural G0
498,G1,G1
499,G2/M,G2/M
500,G2/M,G2/M
501,Neural G0,Neural G0
502,Neural G0,Neural G0
503,G2/M,G2/M
504,G2/M,G2/M
505,G1,G1
506,Neural G0,Neural G0
507,G1,G1
508,Late G1,G1
509,M/Early G1,M/Early G1
510,S,S
511,G1,G1
512,G1,G1
513,G1,G1
514,S/G2,S/G2
515,G2/M,G2/M
516,G2/M,G2/M
517,G1,G1
518,G1,G1
519,G1,G1
520,G1,G1
521,G2/M,G2/M
522,S,S
523,S/G2,S/G2
524,G2/M,G2/M
525,S,S
526,Neural G0,Neural G0
527,S/G2,S/G2
528,S/G2,S/G2
529,S,S
530,M/Early G1,M/Early G1
531,Neural G0,Neural G0
532,S/G2,S/G2
533,S,S
534,G1,G1
535,G1,G1
536,M/Early G1,M/Early G1
537,G2/M,G2/M
538,Late G1,Late G1
539,M/Early G1,M/Early G1
540,G1,G1
541,Neural G0,Neural G0
542,S/G2,S/G2
543,M/Early G1,M/Early G1
544,M/Early G1,M/Early G1
545,G1,G1
546,G2/M,G2/M
547,G1,G1
548,G2/M,G2/M
549,M/Early G1,M/Early G1
550,G1,G1
551,G1,G1
552,Neural G0,Neural G0
553,S,S
554,S,S
555,G1,G1
556,G1,G1
557,G1,G1
558,Neural G0,Neural G0
559,S/G2,S/G2
560,Neural G0,Neural G0
561,M/Early G1,M/Early G1
562,G1,G1
563,G1,G1
564,G1,G1
565,G1,G1
566,G2/M,G2/M
567,Neural G0,Neural G0
568,G1,G1
569,G1,G1
570,G1,G1
571,S/G2,G1
572,S/G2,S/G2
573,G1,G1
574,G2/M,G2/M
575,M/Early G1,M/Early G1
576,G1,G1
577,G1,G1
578,S/G2,S/G2
579,G1,G1
580,S,S
581,S,S
582,G2/M,G2/M
583,Late G1,Late G1
584,G1,G1
585,S,S
586,G2/M,G2/M
587,Neural G0,Neural G0
588,G1,G1
589,G1,G1
590,Neural G0,Neural G0
592,Neural G0,Neural G0
593,S/G2,S/G2
594,G1,G1
595,G2/M,G2/M
596,G2/M,G2/M
597,G1,G1
598,M/Early G1,M/Early G1
599,M/Early G1,M/Early G1
600,S,S
601,G1,G1
602,S,S
603,G1,G1
604,G1,G1
605,S,S
606,Neural G0,Neural G0
607,Neural G0,G1
608,M/Early G1,M/Early G1
609,Neural G0,Neural G0
610,G1,Neural G0
611,Neural G0,G1
612,S/G2,S/G2
613,Neural G0,Neural G0
614,Late G1,Late G1
615,G1,G1
616,G1,G1
617,S,S
618,Neural G0,Neural G0
619,M/Early G1,M/Early G1
620,G1,G1
621,S,S
622,G1,G1
623,S/G2,S/G2
624,Late G1,Late G1
625,Neural G0,Neural G0
626,G1,G1
627,S/G2,S/G2
628,Neural G0,Neural G0
629,G1,G1
630,G1,G1
631,G1,G1
632,Neural G0,Neural G0
633,G1,G1
634,S/G2,S/G2
635,G1,G1
636,G1,G1
637,G1,G1
638,G1,G1
639,G1,G1
640,Neural G0,Neural G0
641,G2/M,G2/M
642,G1,G1
643,G1,G1
644,S,S
645,S/G2,S/G2
646,S/G2,S/G2
647,G1,G1
648,G1,G1
649,Neural G0,Neural G0
650,S/G2,S/G2
651,Neural G0,Neural G0
652,G1,G1
653,S/G2,S/G2
654,G1,G1
655,G1,G1
656,Neural G0,Neural G0
657,Late G1,Late G1
658,Neural G0,Neural G0
659,G1,G1
660,M/Early G1,M/Early G1
661,S/G2,S/G2
662,G2/M,G2/M
663,Neural G0,Neural G0
664,G1,G1
665,G2/M,G2/M
666,Late G1,Late G1
667,G1,G1
668,M/Early G1,M/Early G1
669,G2/M,G2/M
670,S/G2,S/G2
671,G1,G1
672,G1,G1
673,G1,G1
674,M/Early G1,M/Early G1
675,Neural G0,Neural G0
676,S/G2,S/G2
677,M/Early G1,M/Early G1
678,G1,G1
679,S/G2,S/G2
680,G1,G1
681,S/G2,S/G2
682,G1,G1
683,G1,G1
684,Neural G0,Neural G0
685,S/G2,S/G2
686,G1,G1
687,G2/M,G2/M
688,G2/M,G2/M
689,G1,G1
690,G1,G1
691,G1,G1
692,Late G1,Late G1
693,G2/M,G2/M
694,G1,G1
695,G1,G1
696,Neural G0,Neural G0
697,G2/M,G2/M
698,Neural G0,Neural G0
699,Neural G0,Neural G0
700,G2/M,G2/M
701,Neural G0,Neural G0
702,G2/M,G2/M
703,G1,G1
704,M/Early G1,M/Early G1
705,M/Early G1,M/Early G1
706,G2/M,G2/M
707,G1,G1
708,G1,G1
709,Neural G0,Neural G0
710,S/G2,S/G2
711,S/G2,S/G2
712,S/G2,S/G2
713,S,S
714,G1,G1
715,S,S
716,S,S
717,G1,G1
718,S,S
719,G1,G1
720,G2/M,G2/M
721,Neural G0,Neural G0
722,Neural G0,Neural G0
723,G1,G1
724,G1,G1
725,Neural G0,Neural G0
726,S/G2,S/G2
727,M/Early G1,M/Early G1
728,G2/M,G2/M
729,G2/M,G2/M
730,Late G1,Late G1
731,S/G2,S/G2
732,G1,G1
733,G1,G1
734,G1,G1
735,G1,G1
736,G2/M,G2/M
737,S/G2,S/G2
738,G1,G1
739,M/Early G1,M/Early G1
740,M/Early G1,M/Early G1
741,Late G1,Late G1
742,G1,G1
743,Neural G0,Neural G0
744,Late G1,Late G1
745,G2/M,G2/M
746,G1,G1
747,S/G2,S/G2
748,Neural G0,Neural G0
749,G1,G1
750,Late G1,Late G1
751,Neural G0,Neural G0
752,Neural G0,Neural G0
753,S,S
754,M/Early G1,M/Early G1
755,G2/M,G2/M
756,Late G1,Late G1
757,Neural G0,Neural G0
758,G1,G1
759,Neural G0,Neural G0
760,Late G1,Late G1
761,Neural G0,G1
762,S/G2,S/G2
763,M/Early G1,M/Early G1
764,G1,G1
765,G1,G1
766,G1,G1
767,Neural G0,Neural G0
768,G1,G1
769,Neural G0,Neural G0
770,S,S
771,S/G2,S/G2
772,S/G2,S/G2
773,S,S
774,G1,G1
775,G1,G1
776,M/Early G1,M/Early G1
777,G1,G1
778,Neural G0,G1
779,M/Early G1,M/Early G1
780,G1,G1
781,G2/M,G2/M
782,G1,G1
783,G1,G1
784,G2/M,G2/M
785,G1,G1
786,M/Early G1,M/Early G1
787,S/G2,S/G2
788,G2/M,G2/M
789,G1,M/Early G1
790,G1,G1
791,S,S
792,S/G2,S/G2
793,G1,G1
794,G1,G1
795,Neural G0,Neural G0
796,Late G1,Late G1
797,M/Early G1,M/Early G1
798,G1,G1
799,S,S
800,G2/M,G2/M
801,G1,G1
802,S,S
803,Neural G0,Neural G0
804,G1,G1
805,G1,G1
806,M/Early G1,M/Early G1
807,S,S
808,S,S
809,Neural G0,Neural G0
810,S/G2,S/G2
811,Late G1,Late G1
812,Late G1,Late G1
813,M/Early G1,M/Early G1
814,G1,G1
815,G2/M,G2/M
816,G1,G1
817,G1,G1
818,G1,G1
819,Neural G0,Neural G0
820,S/G2,S/G2
821,S/G2,S/G2
822,G1,G1
823,Neural G0,Neural G0
824,S/G2,S/G2
825,M/Early G1,M/Early G1
826,S,S
827,M/Early G1,M/Early G1
828,Neural G0,Neural G0
829,G1,G1
830,G2/M,G2/M
831,G1,G1
832,M/Early G1,M/Early G1
833,Late G1,Late G1
834,G2/M,G2/M
835,G1,G1
836,G1,G1
837,Late G1,Late G1
838,G1,G1
839,Late G1,Late G1
840,G1,G1
841,Neural G0,Neural G0
842,G1,G1
843,G1,G1
844,S,S
845,G1,G1
846,Neural G0,Neural G0
847,M/Early G1,M/Early G1
848,G1,G1
849,Late G1,Late G1
850,Neural G0,Neural G0
851,G1,G1
852,G1,G1
853,G1,G1
854,S/G2,G1
855,Neural G0,Neural G0
856,G1,G1
857,M/Early G1,M/Early G1
858,G1,G1
859,M/Early G1,M/Early G1
860,G1,G1
861,G1,G1
862,Neural G0,Neural G0
863,M/Early G1,M/Early G1
864,G1,G1
865,G2/M,G2/M
866,Neural G0,Neural G0
867,G1,G1
868,G1,G1
869,Neural G0,Neural G0
870,G1,G1
871,G1,G1
872,Neural G0,Neural G0
873,G1,G1
874,M/Early G1,M/Early G1
875,G2/M,G2/M
876,S,S
877,G2/M,G2/M
878,Late G1,Late G1
879,S/G2,S/G2
880,Late G1,Late G1
881,Neural G0,Neural G0
882,G1,G1
883,M/Early G1,M/Early G1
884,G1,G1
885,Neural G0,Neural G0
886,G1,G1
887,S/G2,S/G2
888,M/Early G1,M/Early G1
889,M/Early G1,M/Early G1
890,S/G2,S/G2
891,G1,G1
892,Neural G0,Neural G0
893,Late G1,Late G1
894,G2/M,G2/M
895,G1,G1
896,G1,G1
897,G2/M,G2/M
898,Neural G0,Neural G0
899,G2/M,G2/M
900,G1,G1
901,S/G2,S/G2
902,Neural G0,Neural G0
903,G2/M,G2/M
904,G1,G1
905,G2/M,G2/M
906,G1,G1
907,G2/M,G2/M
908,Neural G0,Neural G0
909,G2/M,G2/M
910,G2/M,G2/M
911,G1,G1
912,S/G2,S/G2
913,G2/M,G2/M
914,G2/M,G2/M
915,G1,G1
916,G1,G1
917,Neural G0,Neural G0
918,S/G2,S/G2
919,S/G2,G1
920,G1,G1
921,G1,G1
922,Late G1,Late G1
923,G1,G1
924,G2/M,G2/M
925,S,S
926,Neural G0,Neural G0
927,S/G2,S/G2
928,G1,G1
929,G1,G1
930,G2/M,G2/M
931,G1,G1
932,G1,G1
933,G1,G1
934,G1,G1
935,G1,G1
936,G1,G1
937,G1,G1
938,Neural G0,Neural G0
939,G1,G1
940,G1,G1
941,G1,G1
942,G1,G1
943,G1,G1
944,S/G2,S/G2
945,G1,G1
946,G1,G1
947,Late G1,Late G1
948,M/Early G1,M/Early G1
949,M/Early G1,M/Early G1
950,Neural G0,Neural G0
951,S/G2,S/G2
952,G1,G1
953,G1,G1
954,Neural G0,Neural G0
955,G1,G1
956,Neural G0,Neural G0
957,Neural G0,Neural G0
958,M/Early G1,M/Early G1
959,S,S
960,G1,G1
961,M/Early G1,M/Early G1
962,G2/M,G2/M
963,S/G2,S/G2
964,Neural G0,Neural G0
965,G2/M,G2/M
966,Neural G0,Neural G0
967,G1,G1
968,S,S
969,G1,G1
970,Neural G0,Neural G0
971,G1,G1
972,S,S
973,Neural G0,Neural G0
974,Neural G0,G1
975,G1,G1
976,G1,G1
977,M/Early G1,M/Early G1
978,Neural G0,Neural G0
979,S,S
980,G1,G1
981,Neural G0,Neural G0
982,G1,G1
983,Neural G0,Neural G0
984,S/G2,S/G2
985,S,S
986,Neural G0,Neural G0
987,G1,G1
988,G2/M,G2/M
989,G1,G1
990,G1,G1
991,Neural G0,Neural G0
992,Neural G0,Neural G0
993,G1,G1
994,G2/M,G2/M
995,G1,G1
996,G1,G1
997,G1,G1
998,Neural G0,Neural G0
999,M/Early G1,G1
1000,G2/M,G2/M
1001,G2/M,G2/M
1002,G2/M,G2/M
1003,G1,G1
1004,Late G1,Late G1
1005,S/G2,S/G2
1006,S,S
1007,G1,G1
1008,G1,G1
1009,S/G2,S/G2
1010,Neural G0,Neural G0
1011,G1,G1
1012,G2/M,G2/M
1013,S,S
1014,G2/M,G2/M
1015,Late G1,Late G1
1016,G1,G1
1017,Late G1,Late G1
1018,M/Early G1,M/Early G1
1019,G1,G1
1020,M/Early G1,M/Early G1
1021,Neural G0,Neural G0
1022,S,S
1023,G1,G1
1024,G1,G1
1025,S,S
1026,S/G2,S/G2
1027,G1,G1
1028,G2/M,G2/M
1029,G1,G1
1030,S,Neural G0
1031,G1,G1
1032,S/G2,G1
1033,G1,G1
1034,S/G2,S/G2
1035,S,S
1036,G1,G1
1037,S,S
1038,G1,G1
1039,Neural G0,Neural G0
1040,G1,G1
1041,G1,G1
1042,Neural G0,Neural G0
1043,S/G2,S/G2
1044,Neural G0,Neural G0
1045,G1,G1
1046,Late G1,Late G1
1047,S,S
1048,G1,G1
1049,M/Early G1,M/Early G1
1050,Neural G0,Neural G0
1051,S/G2,S/G2
1052,S,S
1053,S,S
1054,G1,G1
1055,Late G1,Late G1
1056,Late G1,Late G1
1057,Late G1,Late G1
1058,G2/M,G2/M
1059,G1,G1
1060,G1,G1
1061,Neural G0,Neural G0
1062,M/Early G1,M/Early G1
1063,G1,G1
1064,G1,S
1065,G1,G1
1066,Neural G0,Neural G0
1067,G1,G1
1068,G2/M,G2/M
1069,Neural G0,Neural G0
1070,Neural G0,Neural G0
1071,S/G2,S/G2
1072,S/G2,S/G2
1073,G1,G1
1074,Neural G0,G1
1075,G1,G1
1076,G1,G1
1077,G1,G1
1078,M/Early G1,M/Early G1
1079,G1,G1
1080,G1,G1
1081,G1,G1
1082,S/G2,S/G2
1083,G1,G1
1084,G1,G1
1085,G1,G1
1086,G1,G1
1087,Neural G0,Neural G0
1088,Neural G0,Neural G0
1089,G1,G1
1090,Late G1,Late G1
1091,Late G1,Late G1
1092,M/Early G1,M/Early G1
1093,G1,G1
1094,G2/M,G2/M
1095,G1,G1
1096,Neural G0,Neural G0
1097,Neural G0,Neural G0
1098,G1,G1
1099,G1,G1
1100,G1,G1
1101,G1,G1
1102,G1,G1
1103,G2/M,G2/M
1104,Neural G0,Neural G0
1105,G1,G1
1106,G1,G1
1107,S,S
1108,M/Early G1,M/Early G1
1109,G2/M,G2/M
1110,S/G2,S/G2
1111,G1,G1
1112,G2/M,G2/M
1113,Neural G0,Neural G0
1114,Neural G0,Neural G0
1115,G2/M,G2/M
1116,G1,G1
1117,G2/M,G2/M
1118,Neural G0,Neural G0
1119,S,G1
1120,Neural G0,Neural G0
1121,Late G1,Late G1
1122,G1,G1
1123,Neural G0,Neural G0
1124,Late G1,Late G1
1125,S/G2,S/G2
1126,S/G2,S/G2
1127,M/Early G1,M/Early G1
1128,G1,G1
1129,Late G1,Late G1
1130,Neural G0,Neural G0
1131,G1,G1
1132,G1,G1
1133,G1,G1
1134,G1,G1
1135,S/G2,S/G2
1136,G1,G1
1137,Neural G0,Neural G0
1138,Neural G0,Neural G0
1139,S/G2,S/G2
1140,Neural G0,Neural G0
1141,Late G1,Late G1
1142,S/G2,S/G2
1143,G2/M,G2/M
1144,G1,G1
1145,G1,G1
1146,Neural G0,Neural G0
1147,S/G2,S/G2
1148,G1,G1
1149,M/Early G1,M/Early G1
1150,G1,G1
1151,Neural G0,Neural G0
1152,G2/M,G2/M
1153,G1,G1
1154,S/G2,S/G2
1155,G1,G1
1156,G2/M,G2/M
1157,G1,G1
1158,Neural G0,Neural G0
1159,M/Early G1,M/Early G1
1160,G2/M,G2/M
1161,G1,G1
1162,M/Early G1,M/Early G1
1163,S/G2,S/G2
1164,S,S
1165,S,S
1166,G1,G1
1167,G1,G1
1168,G2/M,G2/M
1169,Late G1,Late G1
1170,S/G2,S/G2
1171,Neural G0,Neural G0
1172,G1,G1
1173,S/G2,S/G2
1174,G2/M,G2/M
1175,G1,Late G1
1176,Neural G0,Neural G0
1177,S/G2,S/G2
1178,G2/M,G2/M
1179,S/G2,S/G2
1180,S/G2,S/G2
1181,M/Early G1,M/Early G1
1182,G1,G1
1183,G2/M,G2/M
1184,G1,G1
1185,G1,G1
1186,G1,G1
1187,Late G1,Late G1
1188,G1,S/G2
1189,S,S
1190,G2/M,G2/M
1191,S/G2,S/G2
1192,G1,G1
1193,G1,G1
1194,G1,G1
1195,G1,G1
1196,G1,G1
1197,Late G1,Late G1
1198,S/G2,S/G2
1199,Neural G0,Neural G0
1200,G1,G1
1201,G1,G1
1202,Neural G0,Neural G0
1203,M/Early G1,M/Early G1
1204,S,S
1205,G1,G1
1206,G1,G1
1207,G1,G1
1208,G1,G1
1209,G1,G1
1210,M/Early G1,M/Early G1
1211,G1,G1
1212,G1,G1
1213,G1,G1
1214,G2/M,G2/M
1215,Neural G0,Neural G0
1216,G1,G1
1217,G1,S
1218,G1,G1
1219,Neural G0,Neural G0
1220,Neural G0,Neural G0
1221,S,S
1222,G2/M,G2/M
1223,G2/M,G2/M
1224,G1,G1
1225,S/G2,S/G2
1226,G2/M,G2/M
1227,Late G1,Late G1
1228,Neural G0,Neural G0
1229,G1,G1
1230,G1,G1
1231,G1,G1
1232,G2/M,G2/M
1233,Neural G0,Neural G0
1234,Neural G0,Neural G0
1235,S,S
1236,Late G1,Late G1
1237,Late G1,Late G1
1238,M/Early G1,M/Early G1
1239,G2/M,G2/M
1240,G1,G1
1241,G1,G1
1242,G1,G1
1243,G1,G1
1244,Neural G0,Neural G0
1245,G1,G1
1246,G1,G1
1247,Late G1,Late G1
1248,M/Early G1,M/Early G1
1249,G1,G1
1251,G2/M,G2/M
1252,Neural G0,Neural G0
1253,G1,G1
1254,Late G1,Late G1
1255,G1,G1
1256,Late G1,Late G1
1257,S,S
1258,M/Early G1,M/Early G1
1259,G2/M,G2/M
1260,G1,G1
1261,G1,G1
1262,S/G2,S/G2
1263,M/Early G1,M/Early G1
1264,G1,G1
1265,G1,G1
1266,G1,G1
1267,Neural G0,Neural G0
1268,Neural G0,Neural G0
1269,S/G2,S/G2
1270,G1,G1
1271,S/G2,S/G2
1272,M/Early G1,M/Early G1
1273,S,S
1274,G1,G1
1275,M/Early G1,M/Early G1
1276,G1,G1
1277,G2/M,G2/M
1278,S/G2,S/G2
1279,Late G1,Late G1
1280,Neural G0,Neural G0
1281,G1,G1
1282,Neural G0,Neural G0
1283,Neural G0,Neural G0
1284,G2/M,G2/M
1285,Neural G0,Neural G0
1286,S,S
1287,M/Early G1,M/Early G1
1288,M/Early G1,G2/M
1289,S/G2,S/G2
1290,G1,G1
1291,Neural G0,Neural G0
1292,G1,G1
1293,S/G2,S/G2
1294,S/G2,S/G2
1295,S/G2,S/G2
1296,G1,G1
1297,Neural G0,Neural G0
1298,G1,G1
1299,S/G2,S/G2
1300,S/G2,S/G2
1301,G2/M,G2/M
1302,Neural G0,Neural G0
1303,S/G2,S/G2
1304,Neural G0,Neural G0
1305,G1,G1
1306,S/G2,S/G2
1307,G2/M,G2/M
1308,Neural G0,Neural G0
1309,G2/M,G2/M
1310,Neural G0,Neural G0
1311,S/G2,S/G2
1312,G1,G1
1313,Neural G0,Neural G0
1314,G1,G1
1315,Neural G0,G1
1316,S/G2,S/G2
1317,Neural G0,Neural G0
1318,G1,G1
1319,Neural G0,Neural G0
1320,Neural G0,Neural G0
1321,G1,G1
1322,G1,G1
1323,G2/M,G2/M
1324,Neural G0,Neural G0
1325,S/G2,S/G2
1326,S/G2,S/G2
1327,G1,G1
1328,G1,G1
1329,Late G1,G1
1330,G1,G1
1331,G1,G1
1332,M/Early G1,M/Early G1
1333,G1,G1
1334,G2/M,S/G2
1335,G1,G1
1336,G1,G1
1337,Neural G0,Neural G0
1338,S/G2,S/G2
1339,G1,G1
1340,G1,Neural G0
1341,S,S
1342,G1,G1
1343,S/G2,S/G2
1344,S,S
1345,Late G1,Late G1
1346,G1,G1
1347,G1,G1
1348,S/G2,S/G2
1349,S/G2,S/G2
1350,S/G2,S/G2
1351,G2/M,G2/M
1352,G1,G1
1353,G1,G1
1354,G1,G1
1355,S,S
1356,S/G2,S/G2
1357,G1,G1
1358,G1,G1
1359,S,S
1360,Neural G0,Neural G0
1361,S/G2,S/G2
1362,G1,G1
1363,G2/M,G2/M
1364,G1,G1
1365,G2/M,G2/M
1366,S/G2,S/G2
1367,Late G1,Late G1
1368,G1,G1
1369,G1,G1
1370,Late G1,Late G1
1371,G1,G1
1372,S/G2,S/G2
1373,G1,G1
1374,G1,G1
1375,G1,G1
1376,S,S
1377,G1,G1
1378,Late G1,Late G1
1379,Neural G0,Neural G0
1380,Neural G0,Neural G0
1381,G1,G1
1382,M/Early G1,M/Early G1
1383,S/G2,S/G2
1384,M/Early G1,M/Early G1
1385,G1,G1
1386,Neural G0,Neural G0
1387,M/Early G1,M/Early G1
1388,G1,G1
1389,G1,G1
1390,S,S
1391,Late G1,Late G1
1392,Neural G0,Neural G0
1393,S/G2,S/G2
1394,M/Early G1,M/Early G1
1395,S/G2,S
1396,G1,G1
1397,G1,G1
1398,G1,G1
1399,G1,G1
1400,G1,G1
1401,G1,G1
1402,G1,G1
1403,G2/M,G2/M
1404,G1,G1
1405,Neural G0,Neural G0
1406,G1,G1
1407,Late G1,Late G1
1408,G2/M,G2/M
1409,G1,G1
1410,S,S
1411,S/G2,S/G2
1412,G1,G1
1413,G1,G1
1414,M/Early G1,M/Early G1
1415,G1,G1
1416,Neural G0,Neural G0
1417,G2/M,G2/M
1418,S/G2,S/G2
1419,G1,G1
1420,G1,G1
1421,G1,G1
1422,S,S
1423,Late G1,Late G1
1424,Neural G0,Neural G0
1425,M/Early G1,M/Early G1
1426,Neural G0,Neural G0
1427,G1,G1
1428,M/Early G1,M/Early G1
1429,Neural G0,Neural G0
1430,Neural G0,Neural G0
1431,Neural G0,Neural G0
1432,G1,G1
1433,Neural G0,Neural G0
1434,Neural G0,Neural G0
1435,G1,G1
1436,G1,G1
1437,G1,G1
1438,G1,G1
1439,G1,G1
1440,G1,G1
1441,G1,G1
1442,G1,G1
1443,Late G1,Late G1
1444,G1,G1
1445,G1,G1
1446,G1,G1
1447,G1,G1
1448,G1,G1
1449,M/Early G1,M/Early G1
1450,M/Early G1,M/Early G1
1451,G1,G1
1452,Neural G0,Neural G0
1453,Neural G0,Neural G0
1454,S/G2,S/G2
1455,Neural G0,Neural G0
1456,G1,G1
1457,S,S
1458,M/Early G1,M/Early G1
1459,S/G2,S/G2
1460,Late G1,Late G1
1461,S/G2,S/G2
1462,Late G1,Late G1
1463,G1,G1
1464,G1,G1
1465,Neural G0,Neural G0
1466,G1,G1
1467,Late G1,Late G1
1468,S,S
1469,G1,G1
1470,Neural G0,Neural G0
1471,G1,G1
1472,G1,G1
1473,G1,G1
1474,Neural G0,Neural G0
1475,S,S
1476,G1,G1
1477,M/Early G1,M/Early G1
1478,G1,G1
1479,Neural G0,Neural G0
1480,Neural G0,Neural G0
1481,Neural G0,Neural G0
1482,G1,G1
1483,Late G1,Late G1
1484,Late G1,Late G1
1485,Neural G0,Neural G0
1486,G2/M,G2/M
1487,S,S
1488,G1,G1
1489,G1,G1
1490,G2/M,G2/M
1491,G2/M,G2/M
1492,G2/M,G2/M
1493,G1,G1
1494,Late G1,Late G1
1495,Neural G0,Neural G0
1496,G1,G1
1497,Late G1,Late G1
1498,G2/M,G2/M
1499,S,S
1500,G1,Neural G0
1501,G1,G1
1502,G2/M,G2/M
1503,G2/M,G2/M
1504,Neural G0,Neural G0
1505,Neural G0,Neural G0
1506,G1,G1
1507,G1,G1
1508,Neural G0,Neural G0
1509,G1,G1
1510,M/Early G1,M/Early G1
1511,G1,G1
1512,Neural G0,Neural G0
1513,G1,G1
1514,M/Early G1,M/Early G1
1515,G1,G1
1516,Neural G0,Neural G0
1517,G1,G1
1518,M/Early G1,M/Early G1
1519,G1,G1
1520,G1,G1
1521,Neural G0,Neural G0
1522,S/G2,S/G2
1523,M/Early G1,M/Early G1
1524,S,S
1525,G1,G1
1526,M/Early G1,M/Early G1
1527,S/G2,S/G2
1528,G1,Neural G0
1529,G1,G1
1530,G1,Neural G0
1531,G1,G1
1532,M/Early G1,M/Early G1
1533,S/G2,S/G2
1534,S/G2,S/G2
1535,G1,G1
1536,Neural G0,Neural G0
1537,G1,G1
1538,G1,G1
1539,G1,G1
1540,S/G2,S/G2
1541,M/Early G1,M/Early G1
1542,G1,G1
1543,M/Early G1,M/Early G1
1544,M/Early G1,M/Early G1
1545,Late G1,Late G1
1546,S/G2,S/G2
1547,G1,G1
1548,M/Early G1,M/Early G1
1549,Neural G0,Neural G0
1550,G1,G1
1551,G1,M/Early G1
1552,Neural G0,Neural G0
1553,S/G2,S/G2
1554,S/G2,S/G2
1555,G1,G1
1556,G1,G1
1557,Late G1,Late G1
1558,G1,G1
1559,G1,G1
1560,G1,M/Early G1
1561,G1,G1
1562,Late G1,Late G1
1563,G1,G1
1564,S,S
1565,G2/M,G2/M
1566,M/Early G1,M/Early G1
1567,G1,G1
1568,G1,G1
1569,G1,G1
1570,M/Early G1,M/Early G1
1571,G1,G1
1572,G2/M,G2/M
1573,Neural G0,Neural G0
1574,Neural G0,Neural G0
1575,G1,G1
1576,S/G2,G1
1577,G1,G1
1578,G1,G1
1579,G2/M,G2/M
1580,Late G1,Late G1
1581,G1,G1
1582,Neural G0,Neural G0
1583,G1,G1
1584,G2/M,G2/M
1585,G1,G1
1586,M/Early G1,M/Early G1
1587,G1,G1
1588,G1,G1
1589,G1,G1
1590,S,S
1591,M/Early G1,M/Early G1
1592,G2/M,G2/M
1593,G2/M,G2/M
1594,Late G1,Late G1
1595,G2/M,G2/M
1596,G1,G1
1597,G2/M,G2/M
1598,S,Neural G0
1599,M/Early G1,M/Early G1
1600,M/Early G1,M/Early G1
1601,G1,G1
1602,Neural G0,Neural G0
1603,G1,G1
1604,Neural G0,Neural G0
1605,G2/M,G2/M
1606,G1,G1
1607,G1,G1
1608,Neural G0,Neural G0
1609,S/G2,S/G2
1610,M/Early G1,M/Early G1
1611,G2/M,G2/M
1612,S,S
1613,G1,G1
1614,Neural G0,Neural G0
1615,Neural G0,Neural G0
1616,G1,G1
1617,Late G1,Late G1
1618,Late G1,Late G1
1619,G2/M,G2/M
1620,Neural G0,Neural G0
1621,Late G1,Late G1
1622,G1,G1
1623,G1,G1
1624,M/Early G1,M/Early G1
1625,S,S
1626,S/G2,S/G2
1627,Neural G0,Neural G0
1628,G2/M,G2/M
1629,G1,G1
1630,G1,G1
1631,Neural G0,Neural G0
1632,G1,G1
1633,G2/M,G2/M
1634,S,S
1635,Neural G0,Neural G0
1636,G1,G1
1637,M/Early G1,M/Early G1
1638,S,S
1639,M/Early G1,M/Early G1
1640,G1,G1
1641,G1,G1
1642,G1,G1
1643,G1,G1
1644,M/Early G1,M/Early G1
1645,G2/M,G2/M
1646,S,S
1647,Neural G0,Neural G0
1648,G1,G1
1649,G2/M,G2/M
1650,G1,G1
1651,M/Early G1,M/Early G1
1652,S/G2,S/G2
1653,Neural G0,Neural G0
1654,Late G1,Late G1
1655,G1,G1
1656,G1,G1
1657,Neural G0,Neural G0
1658,Late G1,Late G1
1659,Late G1,G1
1660,S,S
1661,Neural G0,Neural G0
1662,G1,G1
1663,M/Early G1,M/Early G1
1664,M/Early G1,M/Early G1
1665,G1,G1
1666,S,S
1667,Neural G0,Neural G0
1668,M/Early G1,M/Early G1
1669,Neural G0,Neural G0
1670,S/G2,S/G2
1671,Neural G0,G2/M
1672,S/G2,S/G2
1673,Neural G0,Neural G0
1674,G1,G1
1675,G2/M,G2/M
1676,S,S
1677,S/G2,S/G2
1678,S/G2,G1
1679,M/Early G1,M/Early G1
1680,G1,G1
1681,G1,G1
1682,G2/M,G2/M
1683,G1,G1
1684,S,S
1685,Neural G0,Neural G0
1686,Neural G0,Neural G0
1687,M/Early G1,M/Early G1
1688,G1,G1
1689,Neural G0,Neural G0
1690,Late G1,Late G1
1691,G1,G1
1692,Neural G0,Neural G0
1693,Neural G0,Neural G0
1694,S,S
1695,G1,G1
1696,S/G2,S/G2
1697,Late G1,Late G1
1698,G2/M,G2/M
1699,M/Early G1,M/Early G1
1700,G1,G1
1701,G1,G1
1702,S,S
1703,G1,G1
1704,Neural G0,Neural G0
1705,G1,G1
1706,Neural G0,Neural G0
1707,G1,G1
1708,M/Early G1,M/Early G1
1709,G2/M,G2/M
1710,G1,G1
1711,G1,G1
1712,Neural G0,Neural G0
1713,S/G2,S/G2
1714,Neural G0,Neural G0
1715,Neural G0,Neural G0
1716,G1,G1
1717,S,S
1718,G1,G1
1719,S/G2,S/G2
1720,S/G2,S/G2
1721,S/G2,S/G2
1722,G1,S
1723,G1,G1
1724,G1,G1
1725,G2/M,G2/M
1726,Late G1,Late G1
1727,M/Early G1,M/Early G1
1728,Neural G0,Neural G0
1729,G1,G1
1730,S/G2,S/G2
1731,M/Early G1,M/Early G1
1732,Late G1,Late G1
1733,G1,G1
1734,G1,G1
1735,Late G1,Late G1
1736,M/Early G1,M/Early G1
1737,M/Early G1,M/Early G1
1738,G1,G1
1739,Neural G0,Neural G0
1740,Late G1,Late G1
1741,Neural G0,Neural G0
1742,S/G2,S/G2
1743,Late G1,Late G1
1744,G1,G1
1745,Neural G0,Neural G0
1746,S,S
1747,Neural G0,Neural G0
1748,Neural G0,Neural G0
1749,S/G2,S/G2
1750,M/Early G1,M/Early G1
1751,Neural G0,Neural G0
1752,S/G2,S/G2
1753,Late G1,Late G1
1754,G1,G1
1755,G1,G1
1756,Neural G0,Neural G0
1757,G1,G1
1758,G1,G1
1759,G1,G1
1760,S/G2,S/G2
1761,Late G1,Late G1
1762,S/G2,S/G2
1763,G1,G1
1764,S/G2,S/G2
1765,G2/M,G2/M
1766,G2/M,G2/M
1767,Late G1,Late G1
1768,G1,G1
1769,Neural G0,Neural G0
1770,G1,G1
1771,Late G1,Late G1
1772,S,S
1773,S,S
1774,G2/M,G2/M
1775,G1,G1
1776,S/G2,S/G2
1777,G1,G1
1778,G1,G1
1779,G1,G1
1780,G1,G1
1781,G1,G1
1782,M/Early G1,M/Early G1
1783,G1,G1
1784,Neural G0,Neural G0
1785,G1,G1
1786,G1,G1
1787,Neural G0,Neural G0
1788,M/Early G1,M/Early G1
1789,Neural G0,Neural G0
1790,G2/M,G2/M
1791,M/Early G1,M/Early G1
1792,G1,G1
1793,G1,G1
1794,G1,G1
1795,G1,G1
1796,G1,G1
1797,G2/M,G2/M
1798,Neural G0,Neural G0
1799,G1,G1
1800,S/G2,S/G2
1801,Late G1,S/G2
1802,M/Early G1,M/Early G1
1803,Neural G0,Neural G0
1804,G1,G1
1805,S,S
1806,Neural G0,Neural G0
1807,G2/M,G2/M
1808,Late G1,Late G1
1809,M/Early G1,M/Early G1
1810,G1,G1
1811,G1,G1
1812,Neural G0,Neural G0
1813,Late G1,Late G1
1814,Late G1,Late G1
1815,S/G2,S/G2
1816,S/G2,S/G2
1817,S/G2,S/G2
1818,Neural G0,Neural G0
1819,G1,G1
1820,Neural G0,Neural G0
1821,G2/M,G2/M
1822,G1,G1
1823,S,S
1824,S/G2,S/G2
1825,Neural G0,Neural G0
1826,G1,G1
1827,G2/M,G2/M
1828,Neural G0,Neural G0
1829,S/G2,S/G2
1830,G1,G1
1831,G1,G1
1832,Neural G0,Neural G0
1833,G1,G1
1834,Neural G0,G1
1835,G1,G1
1836,G1,G1
1837,S/G2,S/G2
1838,Late G1,Late G1
1839,Late G1,Late G1
1840,Neural G0,Neural G0
1841,G1,Neural G0
1842,Late G1,Late G1
1843,G1,G1
1844,G2/M,G2/M
1845,G1,G1
1846,M/Early G1,M/Early G1
1847,G1,G1
1848,G2/M,G2/M
1849,G2/M,G2/M
1850,S,S
1851,G1,G1
1852,S,S
1853,G1,G1
1854,G1,G1
1855,Late G1,Late G1
1856,S/G2,S/G2
1857,S/G2,S/G2
1858,G2/M,G2/M
1859,G1,G1
1860,G1,G1
1861,G1,G1
1862,G1,G1
1863,Neural G0,Neural G0
1864,G2/M,G2/M
1865,S/G2,S/G2
1866,G1,G1
1867,S/G2,S/G2
1868,G2/M,G2/M
1869,G1,G1
1870,M/Early G1,M/Early G1
1871,S,G1
1872,G1,G1
1873,G2/M,G2/M
1874,S,S
1875,G1,G1
1876,M/Early G1,M/Early G1
1877,G1,G1
1878,Late G1,Late G1
1879,G1,G1
1880,Neural G0,Neural G0
1881,S/G2,S/G2
1882,G1,G1
1883,Late G1,Late G1
1884,Neural G0,Neural G0
1885,S/G2,S/G2
1886,Neural G0,Neural G0
1887,S/G2,S/G2
1888,S,S
1889,Neural G0,Neural G0
1890,G2/M,G2/M
1891,S,S
1892,M/Early G1,M/Early G1
1893,G1,G1
1894,G1,G1
1895,G1,G1
1896,G2/M,G2/M
1897,G2/M,G2/M
1898,S/G2,G1
1899,G1,G1
1900,G1,G1
1901,G2/M,G2/M
1902,S,G1
1903,G1,G1
1904,G1,G1
1905,M/Early G1,M/Early G1
1906,G1,G1
1907,S,S
1908,G1,G1
1909,Neural G0,Neural G0
1910,Neural G0,Neural G0
1911,G1,G1
1912,G1,G1
1913,S/G2,S/G2
1914,G1,G1
1915,S/G2,S/G2
1916,Neural G0,G1
1917,G1,G1
1918,Neural G0,Neural G0
1919,G1,G1
1920,M/Early G1,G1
1921,G1,G1
1922,M/Early G1,M/Early G1
1923,G1,G1
1924,S/G2,S/G2
1925,G1,G1
1926,G1,G1
1927,G1,G1
1928,Late G1,Late G1
1929,Neural G0,Neural G0
1930,G1,G1
1931,G1,G1
1932,G2/M,G2/M
1933,Neural G0,Neural G0
1934,S/G2,S/G2
1935,Late G1,Late G1
1936,S/G2,S/G2
1937,Late G1,Late G1
1938,M/Early G1,M/Early G1
1939,Neural G0,Neural G0
1940,S,G1
1941,G1,G1
1942,Neural G0,Neural G0
1943,G1,G1
1944,Neural G0,G1
1945,G1,G1
1946,G1,G1
1947,G1,G1
1948,G1,G1
1949,G1,G1
1950,G1,G1
1951,G1,G1
1952,M/Early G1,M/Early G1
1953,S,S
1954,S,S
1955,S,S
1956,S,S
1957,Neural G0,Neural G0
1958,S/G2,S/G2
1959,G2/M,G2/M
1960,Late G1,Late G1
1961,Neural G0,Neural G0
1962,G1,G1
1963,G1,G1
1964,G1,G1
1965,S/G2,S/G2
1966,Late G1,Late G1
1967,S,S
1968,S/G2,S/G2
1969,G1,G1
1970,G2/M,G2/M
1971,G1,G1
1972,S/G2,S/G2
1973,G1,G1
1974,G1,G1
1975,S/G2,S/G2
1976,G1,G1
1977,G1,G1
1978,G1,G1
1979,Neural G0,Neural G0
1980,G2/M,G2/M
1981,G1,G1
1982,G2/M,G2/M
1983,G1,G1
1984,Neural G0,G1
1985,G1,G1
1986,G1,G1
1987,S/G2,S/G2
1988,S/G2,S/G2
1989,S/G2,S/G2
1990,Neural G0,Neural G0
1991,G2/M,G2/M
1992,G1,G1
1993,G2/M,G2/M
1994,G2/M,G2/M
1995,G2/M,G2/M
1996,S/G2,S/G2
1997,Neural G0,Neural G0
1998,G2/M,G2/M
1999,G2/M,G2/M
2000,G1,G1
2001,Neural G0,Neural G0
2002,S/G2,S/G2
2003,G1,G1
2004,G2/M,G2/M
2005,M/Early G1,G1
2006,G1,G1
2007,G1,G1
2008,G2/M,G2/M
2009,M/Early G1,M/Early G1
2010,G2/M,G2/M
2011,G1,G1
2012,G1,G1
2013,Neural G0,Neural G0
2014,G2/M,G2/M
2015,Neural G0,Neural G0
2016,Late G1,Late G1
2017,G1,G1
2018,G1,G1
2019,S,Neural G0
2020,Late G1,Late G1
2021,S/G2,S/G2
2022,G1,G1
2023,Neural G0,Neural G0
2024,G1,G1
2025,M/Early G1,M/Early G1
2026,G2/M,G2/M
2027,G1,G1
2028,Late G1,Late G1
2029,M/Early G1,M/Early G1
2030,S/G2,S/G2
2031,M/Early G1,S/G2
2032,G1,G1
2033,S/G2,S/G2
2034,S/G2,S/G2
2035,Neural G0,G1
2036,Neural G0,M/Early G1
2037,Late G1,Late G1
2038,Neural G0,Neural G0
2039,G2/M,G2/M
2040,G1,G1
2041,G1,G1
2042,S/G2,S/G2
2043,G1,G1
2044,G1,G1
2045,Neural G0,Neural G0
2046,S/G2,S/G2
2047,S,S
2048,G1,G1
2049,G1,G1
2050,G1,G1
2051,G1,G1
2052,Neural G0,Neural G0
2053,G2/M,G2/M
2054,G1,G1
2055,S/G2,S/G2
2056,G1,G1
2057,S/G2,S/G2
2058,G1,G1
2059,S/G2,S/G2
2060,G1,S
2061,G2/M,G2/M
2062,M/Early G1,M/Early G1
2063,Neural G0,Neural G0
2064,G1,G1
2065,S,S
2066,G1,G1
2067,G1,G1
2068,G2/M,G2/M
2069,Neural G0,Neural G0
2070,G1,G1
2071,M/Early G1,M/Early G1
2072,G1,G1
2073,G1,G1
2074,M/Early G1,M/Early G1
2075,G1,G1
2076,S,S
2077,S,S
2078,G1,G1
2079,Neural G0,Neural G0
2080,S,S
2081,G1,G1
2082,G1,G1
2083,S/G2,S/G2
2084,M/Early G1,M/Early G1
2085,M/Early G1,M/Early G1
2086,G1,G1
2087,G1,G1
2088,G1,G1
2089,G1,G1
2090,Neural G0,Neural G0
2091,G1,G1
2092,Neural G0,Neural G0
2093,G2/M,G2/M
2094,S/G2,S/G2
2095,Neural G0,Neural G0
2096,G1,G1
2097,Neural G0,Neural G0
2098,Neural G0,Neural G0
2099,Neural G0,Neural G0
2100,Late G1,Late G1
2101,G1,G1
2102,G1,G1
2103,G1,G1
2104,G1,G1
2105,G2/M,G2/M
2106,G1,G1
2107,Neural G0,Neural G0
2108,G1,G1
2109,M/Early G1,M/Early G1
2110,G1,G1
2111,Neural G0,Neural G0
2112,Neural G0,Neural G0
2113,G2/M,G2/M
2114,G1,G1
2115,Late G1,Late G1
2116,S/G2,S/G2
2117,G1,G1
2118,M/Early G1,G1
2119,M/Early G1,M/Early G1
2120,M/Early G1,M/Early G1
2121,G1,G1
2122,G1,G1
2123,Neural G0,Neural G0
2124,Late G1,Late G1
2125,G1,G1
2126,G1,G1
2127,G1,G1
2128,Neural G0,Neural G0
2129,G1,G1
2130,S,S
2131,G2/M,G2/M
2132,G1,G1
2133,G1,G1
2134,S,S
2135,G2/M,G2/M
2136,G1,G1
2137,G1,G1
2138,G2/M,S
2139,M/Early G1,M/Early G1
2140,S/G2,S/G2
2141,G1,G1
2142,G2/M,G2/M
2143,Late G1,G1
2144,G2/M,G2/M
2145,M/Early G1,M/Early G1
2146,Neural G0,Neural G0
2147,G2/M,G2/M
2148,G1,G1
2149,G1,G1
2150,G1,G1
2151,Neural G0,Neural G0
2152,G1,G1
2153,G1,G1
2154,M/Early G1,M/Early G1
2155,M/Early G1,M/Early G1
2156,S/G2,S/G2
2157,Neural G0,Neural G0
2158,G1,G1
2159,G1,G1
2160,G1,G1
2161,Neural G0,Neural G0
2162,G1,G1
2163,Neural G0,Neural G0
2164,G1,G1
2165,G2/M,G2/M
2166,Late G1,Late G1
2167,M/Early G1,M/Early G1
2168,Neural G0,Neural G0
2169,G1,G1
2170,G2/M,G2/M
2171,Late G1,Late G1
2172,Late G1,Late G1
2173,G1,G1
2174,G1,G1
2175,S,G1
2176,G2/M,G2/M
2177,M/Early G1,M/Early G1
2178,G1,G1
2179,S/G2,S/G2
2180,G1,G1
2181,Late G1,Late G1
2182,G1,G1
2183,G1,G1
2184,G2/M,G2/M
2185,Late G1,Late G1
2186,S,S
2187,G2/M,G2/M
2188,S/G2,S/G2
2189,Neural G0,Neural G0
2190,Neural G0,Neural G0
2191,G2/M,G2/M
2192,G1,G1
2193,G1,G1
2194,S,S
2195,G2/M,G2/M
2196,G1,G1
2197,Neural G0,Neural G0
2198,S,S
2199,S/G2,S/G2
2200,S/G2,S/G2
2201,G1,G1
2202,G1,G1
2203,S,S
2204,M/Early G1,M/Early G1
2205,G1,G1
2206,Neural G0,Neural G0
2207,G2/M,G2/M
2208,G2/M,G2/M
2209,Late G1,Late G1
2210,S,S
2211,G2/M,G2/M
2212,Neural G0,Neural G0
2213,G1,G1
2214,G1,G1
2215,G1,G1
2216,G1,G1
2217,G2/M,G2/M
2218,Late G1,Late G1
2219,G2/M,G2/M
2220,G1,G1
2221,G1,G1
2222,S,S
2223,G1,G1
2224,G1,G1
2225,G1,G1
2226,Neural G0,Neural G0
2227,Neural G0,Neural G0
2228,G1,G1
2229,Neural G0,Neural G0
2230,G1,G1
2231,Neural G0,Neural G0
2232,G1,G1
2233,Neural G0,Neural G0
2234,Late G1,Late G1
2235,Neural G0,Neural G0
2236,Neural G0,Neural G0
2237,G2/M,G2/M
2238,G1,G1
2239,S/G2,S/G2
2240,G1,G1
2241,M/Early G1,M/Early G1
2242,M/Early G1,M/Early G1
2243,S/G2,S/G2
2244,G1,G1
2245,S/G2,S/G2
2246,G1,G1
2247,S,S
2248,G1,G1
2249,G1,M/Early G1
2250,G2/M,G2/M
2251,G2/M,G2/M
2252,Late G1,Late G1
2253,Neural G0,Neural G0
2254,G2/M,G2/M
2255,Neural G0,Neural G0
2256,S/G2,S/G2
2257,S,G1
2258,Neural G0,Neural G0
2259,Neural G0,Neural G0
2260,S,S
2261,G1,G1
2263,Neural G0,Neural G0
2264,S/G2,S/G2
2265,S/G2,S/G2
2266,M/Early G1,M/Early G1
2267,G1,G1
2268,Late G1,Late G1
2269,G2/M,G2/M
2270,G1,G1
2271,G1,Neural G0
2272,G1,G1
2273,G1,G1
2274,Late G1,Late G1
2275,G2/M,G2/M
2276,G1,G1
2277,Neural G0,Neural G0
2278,G1,G1
2279,G1,G1
2280,G1,G1
2281,M/Early G1,M/Early G1
2282,G1,G1
2283,Neural G0,Neural G0
2284,G1,G1
2285,Neural G0,Neural G0
2286,Neural G0,Neural G0
2287,Late G1,Late G1
2288,M/Early G1,M/Early G1
2289,G1,G1
2290,G1,G1
2291,S/G2,S/G2
2292,G1,G1
2293,G1,G1
2294,Neural G0,Neural G0
2295,M/Early G1,M/Early G1
2296,G1,G1
2297,Neural G0,Neural G0
2298,G1,G1
2299,S,S
2300,Neural G0,Neural G0
2301,S/G2,S/G2
2302,S/G2,S/G2
2303,M/Early G1,M/Early G1
2304,M/Early G1,M/Early G1
2305,G2/M,G2/M
2306,M/Early G1,S/G2
2307,S,S
2308,S/G2,S/G2
2309,G1,G1
2310,G1,G1
2311,M/Early G1,M/Early G1
2312,G1,G1
2313,G2/M,G2/M
2314,Neural G0,Neural G0
2315,S,S
2316,G2/M,G2/M
2317,S,S
2318,G2/M,G2/M
2319,G2/M,G2/M
2320,M/Early G1,M/Early G1
2321,S/G2,S/G2
2322,M/Early G1,M/Early G1
2323,S/G2,S/G2
2324,G2/M,G2/M
2325,Late G1,Late G1
2326,G1,G1
2327,G1,G1
2328,Neural G0,Neural G0
2329,Neural G0,Neural G0
2330,G1,G1
2331,Neural G0,Neural G0
2332,G1,G1
2333,S,S
2334,G1,M/Early G1
2335,Neural G0,Neural G0
2336,G1,G1
2337,Neural G0,Neural G0
2338,Late G1,Late G1
2339,Neural G0,Neural G0
2340,G1,G1
2341,G1,G1
2342,G1,G1
2343,G1,G1
2344,G1,G1
2345,Neural G0,Neural G0
2346,Neural G0,Late G1
2347,G1,G1
2348,S/G2,S/G2
2349,G2/M,G2/M
2350,Late G1,Late G1
2351,G2/M,G2/M
2352,Late G1,Late G1
2353,G1,G1
2354,G1,G1
2355,G1,G1
2356,S/G2,S/G2
2357,Neural G0,Neural G0
2358,G1,G1
2359,G2/M,G2/M
2360,S,S
2361,G2/M,G2/M
2362,M/Early G1,M/Early G1
2363,G1,G1
2364,G1,G1
2365,G1,G1
2366,G1,G1
2367,G1,G1
2368,S,S
2369,Neural G0,Neural G0
2370,S/G2,S/G2
2371,G1,G1
2372,Late G1,Late G1
2373,S/G2,S/G2
2374,Neural G0,Neural G0
2375,Neural G0,Neural G0
2376,G2/M,G2/M
2377,G1,G1
2378,S,S
2379,G1,G1
2380,G1,G1
2381,G1,G1
2382,G1,G1
2383,S/G2,S/G2
2384,Neural G0,Neural G0
2385,Neural G0,Neural G0
2386,Late G1,Late G1
2387,G1,G1
2388,M/Early G1,M/Early G1
2389,Late G1,Late G1
2390,Neural G0,Neural G0
2391,G1,G1
2392,G1,G1
2393,Neural G0,Neural G0
2394,G1,G1
2395,G2/M,G2/M
2396,M/Early G1,M/Early G1
2397,Neural G0,Neural G0
2398,S/G2,S/G2
2399,Neural G0,Neural G0
2400,Neural G0,G1
2401,G1,G1
2402,G2/M,G2/M
2403,G1,G1
2404,S,S
2405,S,S
2406,G2/M,G2/M
2407,S,S
2408,G1,G1
2409,S/G2,S/G2
2410,Neural G0,Neural G0
2411,M/Early G1,M/Early G1
2412,S,S
2413,G1,G1
2414,G2/M,G2/M
2415,S,S
2416,G1,G1
2417,Neural G0,Neural G0
2418,Neural G0,Neural G0
2419,Neural G0,Neural G0
2420,S,S
2421,Late G1,Late G1
2422,G1,G1
2423,Neural G0,Neural G0
2424,G1,G1
2425,G1,G1
2426,M/Early G1,M/Early G1
2427,Neural G0,Neural G0
2428,M/Early G1,G2/M
2429,Neural G0,Neural G0
2430,G2/M,G2/M
2431,G1,G1
2432,G2/M,G2/M
2433,M/Early G1,M/Early G1
2434,S,G1
2435,S,G1
2436,G1,G1
2437,G1,G1
2438,G1,G1
2439,Neural G0,Neural G0
2440,Late G1,M/Early G1
2441,G1,G1
2442,Neural G0,Neural G0
2443,G1,G1
2444,Neural G0,Neural G0
2445,M/Early G1,M/Early G1
2446,Neural G0,Neural G0
2447,Neural G0,Neural G0
2448,Late G1,Late G1
2449,G2/M,G2/M
2450,S,S
2451,G2/M,G2/M
2452,G1,G1
2453,S/G2,S/G2
2454,G1,G1
2455,G1,G1
2456,Neural G0,Neural G0
2457,G1,G1
2458,S/G2,G2/M
2459,M/Early G1,M/Early G1
2460,G1,G1
2461,Neural G0,Neural G0
2462,G1,G1
2463,Neural G0,Neural G0
2464,G1,G1
2465,S/G2,S/G2
2466,G1,G1
2467,S/G2,S/G2
2469,G1,G1
2470,S,S
2471,S,S
2472,G1,G1
2473,G2/M,G2/M
2474,G1,G1
2475,Neural G0,Neural G0
2476,Late G1,Late G1
2477,G2/M,G2/M
2478,Neural G0,Neural G0
2479,Neural G0,Neural G0
2480,G2/M,G2/M
2481,M/Early G1,M/Early G1
2482,G2/M,G2/M
2483,G1,G1
2484,G1,G1
2485,G1,G1
2486,S/G2,S/G2
2487,Neural G0,G1
2488,G2/M,G2/M
2489,G1,G1
2490,S/G2,S/G2
2491,S/G2,S/G2
2492,G1,G1
2493,G1,Neural G0
2494,Neural G0,Neural G0
2495,S/G2,S/G2
2496,Neural G0,Neural G0
2497,G2/M,G2/M
2498,Neural G0,Neural G0
2499,S/G2,S/G2
2500,G1,G1
2501,G1,G1
2502,Late G1,Late G1
2503,S,S
2504,G1,G1
2505,S/G2,S/G2
2506,Late G1,Late G1
2507,S/G2,S/G2
2508,G1,G1
2509,G2/M,G2/M
2510,G1,G1
2511,G1,G1
2512,G1,G1
2513,G2/M,G2/M
2514,Neural G0,Neural G0
2515,G1,G1
2516,G1,G1
2517,S,S
2518,Neural G0,Neural G0
2519,Neural G0,Neural G0
2520,G1,G1
2521,Neural G0,Neural G0
2522,G1,G1
2523,G2/M,G2/M
2524,M/Early G1,M/Early G1
2525,Neural G0,Neural G0
2526,G1,G1
2527,G1,G1
2528,G1,M/Early G1
2529,Neural G0,Neural G0
2530,S/G2,S/G2
2531,Neural G0,Neural G0
2532,S,S
2533,S,S
2534,G1,G1
2535,S,S
2536,G1,G1
2537,S,S
2538,G1,G1
2539,Neural G0,Neural G0
2540,G1,G1
2541,G1,G1
2542,S/G2,S/G2
2543,G1,G1
2544,G1,G1
2545,G1,G1
2546,S/G2,S/G2
2547,G1,G1
2548,G1,G1
2549,G1,G1
2550,G1,G1
2551,S/G2,S/G2
2552,G2/M,G2/M
2553,Neural G0,Neural G0
2554,M/Early G1,M/Early G1
2555,Neural G0,Neural G0
2556,Neural G0,Neural G0
2557,G1,G1
2558,G1,G1
2559,Late G1,Late G1
2560,G2/M,G2/M
2561,S,S
2562,Late G1,Late G1
2563,G1,G1
2564,S/G2,S/G2
2565,G1,G1
2566,G1,G1
2567,M/Early G1,M/Early G1
2568,Neural G0,Neural G0
2569,M/Early G1,M/Early G1
2570,S/G2,S/G2
2571,M/Early G1,M/Early G1
2572,G1,G1
2573,G2/M,G2/M
2574,G1,G1
2575,G1,G1
2576,G2/M,G2/M
2577,Neural G0,Neural G0
2578,Late G1,Late G1
2579,Neural G0,Neural G0
2580,G1,G1
2581,M/Early G1,M/Early G1
2582,G1,G1
2583,G1,G1
2584,Neural G0,Neural G0
2585,Late G1,G1
2586,G1,G1
2587,G1,G1
2588,S,S
2589,G1,G1
2590,G1,G1
2591,G1,G1
2592,S/G2,S/G2
2593,G1,G1
2594,G1,G1
2595,G1,G1
2596,G2/M,G2/M
2597,G1,G1
2598,Neural G0,Neural G0
2599,Neural G0,G1
2600,S,S
2601,G1,G1
2602,M/Early G1,M/Early G1
2603,Neural G0,Neural G0
2604,Neural G0,Neural G0
2605,S,S
2606,G1,G1
2607,G2/M,G2/M
2608,G1,G1
2609,S/G2,S/G2
2610,Neural G0,Neural G0
2611,Neural G0,Neural G0
2612,G1,G1
2613,Neural G0,Neural G0
2614,Neural G0,Neural G0
2615,G1,G1
2616,G1,G1
2617,S/G2,S/G2
2618,G1,G1
2619,G2/M,G2/M
2620,Late G1,S/G2
2621,Neural G0,Neural G0
2622,G1,G1
2623,S/G2,S/G2
2624,G1,G1
2625,G2/M,G2/M
2626,S/G2,S/G2
2627,Neural G0,Neural G0
2628,M/Early G1,M/Early G1
2629,Neural G0,Neural G0
2630,S/G2,S/G2
2631,Late G1,Late G1
2632,G2/M,G2/M
2633,S,S
2634,G1,G1
2635,G1,G1
2636,M/Early G1,M/Early G1
2637,Neural G0,Neural G0
2638,S/G2,S/G2
2639,G1,G1
2640,M/Early G1,M/Early G1
2641,M/Early G1,M/Early G1
2642,S,S
2643,G1,G1
2644,M/Early G1,M/Early G1
2645,G1,G1
2646,Neural G0,Neural G0
2647,G1,G1
2648,S/G2,S/G2
2649,M/Early G1,M/Early G1
2650,G1,G1
2651,Late G1,Late G1
2652,G1,G1
2653,M/Early G1,M/Early G1
2654,S,S
2655,Neural G0,Neural G0
2656,G1,G1
2657,G1,G1
2658,G1,G1
2659,G1,G1
2660,M/Early G1,M/Early G1
2661,Neural G0,Neural G0
2662,G1,G1
2663,G1,G1
2664,Neural G0,Neural G0
2665,S/G2,S/G2
2666,Neural G0,Neural G0
2667,Neural G0,G1
2668,G2/M,G2/M
2669,G1,G1
2670,S,S
2671,S/G2,S/G2
2672,Late G1,Late G1
2673,M/Early G1,M/Early G1
2674,Late G1,Late G1
2675,G1,G1
2676,G2/M,G2/M
2677,G1,G1
2678,Late G1,Late G1
2679,S/G2,S/G2
2680,S/G2,S/G2
2681,M/Early G1,M/Early G1
2682,G1,G1
2683,Neural G0,Neural G0
2684,G1,G1
2685,Neural G0,Neural G0
2686,G1,S/G2
2687,G1,G1
2688,G1,G1
2689,G1,G1
2690,S/G2,S/G2
2691,G1,G1
2692,G1,G1
2693,Neural G0,Neural G0
2694,Neural G0,Neural G0
2695,Late G1,Late G1
2696,S/G2,S/G2
2697,G1,G1
2698,G1,G1
2699,Neural G0,Neural G0
2700,G1,G1
2701,G2/M,G2/M
2702,G1,G1
2703,Neural G0,Neural G0
2704,Neural G0,Neural G0
2705,S,S
2706,S,S
2707,G1,G1
2708,G1,G1
2709,G1,M/Early G1
2710,S,G1
2711,Neural G0,Neural G0
2712,Late G1,Late G1
2713,S/G2,S/G2
2714,G1,G1
2715,G2/M,G2/M
2716,G1,G1
2717,G1,G1
2718,G2/M,G2/M
2719,S,S
2720,Neural G0,Neural G0
2721,Late G1,Late G1
2722,G1,G1
2723,G2/M,G2/M
2724,S/G2,S/G2
2725,S,S
2726,G1,G1
2727,S,S
2728,Neural G0,Neural G0
2729,G1,G1
2730,G1,G1
2731,S,S
2732,G1,G1
2733,M/Early G1,M/Early G1
2734,M/Early G1,M/Early G1
2735,G2/M,G2/M
2736,G1,G1
2737,G1,Neural G0
2738,Neural G0,G1
2739,G1,G1
2740,S,S
2741,S/G2,S/G2
2742,G1,G1
2743,Late G1,Late G1
2744,G1,G1
2745,G1,G1
2746,G1,G1
2747,G1,G1
2748,G1,S/G2
2749,S/G2,S/G2
2750,G2/M,G2/M
2751,G1,G1
2752,G2/M,G2/M
2753,Neural G0,Neural G0
2754,G1,G1
2755,Neural G0,Neural G0
2756,Neural G0,Neural G0
2757,G2/M,G2/M
2758,Neural G0,Neural G0
2759,S,S
2760,Late G1,Late G1
2761,G1,G1
2762,G1,G1
2763,S/G2,S/G2
2764,G1,G1
2765,S,S
2766,G1,G1
2767,G1,G1
2768,Late G1,Late G1
2769,M/Early G1,M/Early G1
2770,G1,G1
2771,S/G2,S/G2
2772,S/G2,S/G2
2773,G1,G1
2774,G2/M,G2/M
2775,Neural G0,Neural G0
2776,G1,G1
2777,Late G1,Late G1
2778,M/Early G1,M/Early G1
2779,Neural G0,G1
2780,Neural G0,Neural G0
2781,S/G2,S/G2
2782,G1,G1
2783,Neural G0,Neural G0
2784,G1,G1
2785,Late G1,Late G1
2786,S,S
2787,G1,G1
2788,M/Early G1,M/Early G1
2789,G1,G1
2790,S,S
2791,G1,G1
2792,M/Early G1,M/Early G1
2793,G1,G1
2794,S/G2,S/G2
2795,Late G1,Late G1
2796,S/G2,S/G2
2797,S/G2,S/G2
2798,G1,Neural G0
2799,Neural G0,Neural G0
2800,M/Early G1,M/Early G1
2801,G1,G1
2802,Neural G0,Neural G0
2803,G1,G1
2804,M/Early G1,M/Early G1
2805,G2/M,G2/M
2806,G1,G1
2807,Late G1,Late G1
2808,G2/M,G2/M
2809,G1,G1
2810,G1,G1
2811,M/Early G1,M/Early G1
2812,S/G2,S/G2
2813,G1,G1
2814,G1,G1
2815,G1,G1
2816,G1,G1
2817,Neural G0,Neural G0
2818,Neural G0,Neural G0
2819,Neural G0,Neural G0
2820,G1,G1
2821,S/G2,S/G2
2822,S,S
2823,S,S
2824,G1,G1
2825,M/Early G1,M/Early G1
2826,G2/M,G2/M
2827,G1,G1
2828,G1,G1
2829,Neural G0,Neural G0
2830,G1,G1
2831,G1,M/Early G1
2832,G2/M,G2/M
2833,G2/M,G2/M
2834,G1,G1
2835,G2/M,G2/M
2836,G2/M,G2/M
2837,Neural G0,Neural G0
2838,G1,M/Early G1
2839,G1,G1
2840,M/Early G1,M/Early G1
2841,G2/M,G2/M
2842,G1,G1
2843,S/G2,S/G2
2844,G1,G1
2845,G1,G1
2846,G1,G1
2847,G1,G1
2848,S/G2,S/G2
2849,G1,G1
2850,G1,G1
2851,G2/M,G2/M
2852,S/G2,S/G2
2853,G1,G1
2854,Neural G0,Neural G0
2855,G1,G1
2856,G1,G1
2857,Neural G0,Neural G0
2858,G1,G1
2859,G1,G1
2860,M/Early G1,M/Early G1
2861,G1,G1
2862,Neural G0,Neural G0
2863,Neural G0,G1
2864,G1,G1
2865,G1,G1
2866,M/Early G1,M/Early G1
2867,G1,G1
2868,S/G2,S/G2
2869,Neural G0,Neural G0
2870,G1,G1
2871,Late G1,G1
2872,M/Early G1,M/Early G1
2873,G2/M,G2/M
2874,G1,G1
2875,G1,S/G2
2876,G1,G1
2877,G1,G1
2878,G1,G1
2879,G2/M,G2/M
2880,G1,G1
2881,S/G2,G1
2882,S/G2,S/G2
2883,Neural G0,Neural G0
2884,Neural G0,Neural G0
2885,S/G2,S/G2
2886,G1,G1
2887,G2/M,G2/M
2888,S/G2,S/G2
2889,S/G2,S/G2
2890,G1,G1
2891,S/G2,S/G2
2892,S/G2,S/G2
2893,G1,G1
2894,G1,G1
2895,G1,G1
2896,Late G1,Late G1
2897,Neural G0,Neural G0
2898,S,S
2899,Neural G0,Neural G0
2900,Neural G0,Neural G0
2901,Neural G0,Neural G0
2902,G2/M,G2/M
2903,G1,G1
2904,G1,G1
2905,G1,G1
2906,G1,G1
2907,Neural G0,Neural G0
2908,G1,G1
2909,G1,G1
2910,G1,G1
2911,G1,G1
2912,M/Early G1,M/Early G1
2913,S/G2,S/G2
2914,G1,G1
2915,Late G1,Late G1
2916,G1,G1
2917,Neural G0,Neural G0
2918,Late G1,Late G1
2919,G1,G1
2920,G1,G1
2921,G1,G1
2922,G1,G1
2923,Neural G0,Neural G0
2924,Neural G0,Neural G0
2925,G1,G1
2926,M/Early G1,M/Early G1
2927,M/Early G1,M/Early G1
2928,G1,G1
2929,G2/M,G2/M
2930,S,S
2931,Neural G0,Neural G0
2932,G1,G1
2933,Late G1,S
2934,G2/M,G2/M
2935,Late G1,Late G1
2936,M/Early G1,G1
2937,G1,G1
2938,Late G1,Late G1
2939,Neural G0,Neural G0
2940,G2/M,G2/M
2941,G1,G1
2942,G2/M,G2/M
2943,G1,G1
2944,G1,G1
2945,S,S
2946,G1,G1
2947,Neural G0,Neural G0
2948,Neural G0,Neural G0
2949,G1,G1
2950,G1,G1
2951,G1,G1
2952,G1,G1
2953,S,S
2954,G2/M,G2/M
2955,Neural G0,Neural G0
2956,M/Early G1,M/Early G1
2957,S,S
2958,G1,G1
2959,Late G1,Late G1
2960,G1,G1
2961,G1,G1
2962,S,S
2963,G1,G1
2964,Neural G0,Neural G0
2965,Neural G0,Neural G0
2966,Neural G0,Neural G0
2967,G2/M,G2/M
2968,G1,G1
2969,M/Early G1,M/Early G1
2970,G2/M,G2/M
2971,Neural G0,Neural G0
2972,Neural G0,Neural G0
2973,M/Early G1,M/Early G1
2974,G2/M,G2/M
2975,S/G2,S/G2
2976,G1,G1
2977,G1,G1
2978,G1,G1
2979,G1,G1
2980,G1,G1
2981,G1,G1
2982,Late G1,Late G1
2983,G1,G1
2984,Late G1,Late G1
2985,G2/M,S
2986,Late G1,Late G1
2987,G1,G1
2988,Neural G0,Neural G0
2989,S/G2,S/G2
2990,Neural G0,Neural G0
2991,S,S
2992,S/G2,S/G2
2993,S,S
2994,G2/M,G2/M
2995,G2/M,G2/M
2996,Late G1,Late G1
2997,Late G1,Late G1
2998,Neural G0,Neural G0
2999,S/G2,S/G2
